'Name'; 'Calls'; 'Time Per Call'; 'Time Total'
'Back/test/Mono._lookup'; 38096; 0,0013; 48,0278
'Back/test/Simple.proper_simple_equal'; 13372326; 0,0000; 31,7840
'Util/lib/Map.get_value_unsafe'; 6718; 0,0005; 3,2638
'Back/test/Mono._lookup'; 1720; 0,0017; 3,0080
'Back/test/Simple._gen_proper_simple'; 1268; 0,0016; 1,9775
'Back/test/Simple.proper_simple_equal'; 768050; 0,0000; 1,9524
'Util/lib/Typeset.newline'; 207; 0,0061; 1,2544
'Util/lib/Typeset._rescope'; 34; 0,0348; 1,1840
'Util/lib/Typeset._denull'; 34; 0,0167; 0,5692
'Util/lib/Typeset._linearize'; 34; 0,0163; 0,5525
'Back/lib/Naming.sample_label'; 3939; 0,0001; 0,4922
'Util/lib/Typeset._fixed'; 34; 0,0122; 0,4160
'Back/test/Simple._gen_simple'; 128; 0,0029; 0,3771
'Util/lib/Typeset._serialize'; 34; 0,0087; 0,2948
'Back/test/Mono._gen_proper_simple_mono'; 1268; 0,0002; 0,2542
'Util/lib/Extra.List.cons'; 93659; 0,0000; 0,2407
'Util/lib/Extra.List.cons'; 95249; 0,0000; 0,2361
'Back/test/Simple._gen_proper_simple'; 66; 0,0034; 0,2220
'Util/lib/AVL.fold'; 2691; 0,0001; 0,1966
'Util/lib/Env.bind'; 3829; 0,0000; 0,1895
'Util/lib/AVL.local_inbalance'; 16430; 0,0000; 0,1764
'Util/lib/Infix.<=='; 847651; 0,0000; 0,1700
'Front/lib/Lexer.token'; 12387; 0,0000; 0,1489
'Util/lib/Order.int_compare'; 38258; 0,0000; 0,1325
'Util/lib/AVL.local_rebalance'; 16430; 0,0000; 0,1256
'Util/lib/Extra.compose'; 13436; 0,0000; 0,1221
'Front/lib/Parser.input'; 17; 0,0070; 0,1191
'Util/lib/Typeset.get_break'; 3490; 0,0000; 0,1190
'Util/lib/Map.get_key'; 62302; 0,0000; 0,1152
'Util/lib/Extra.identity'; 24863; 0,0000; 0,0992
'Util/lib/Typeset._identities'; 34; 0,0025; 0,0842
'Util/lib/AVL.make_node'; 28117; 0,0000; 0,0830
'Back/test/Mono._proper_simple_convert'; 630; 0,0001; 0,0826
'Util/lib/AVL.get_height'; 32860; 0,0000; 0,0818
'Util/lib/Typeset.get_pos'; 17587; 0,0000; 0,0602
'Util/lib/Env.bind'; 1739; 0,0000; 0,0551
'Util/lib/Typeset.get_head'; 2504; 0,0000; 0,0523
'load(back/test/Main)'; 1; 0,0520; 0,0520
'Util/lib/Typeset.~$'; 11238; 0,0000; 0,0516
'Back/lib/Naming.suffix'; 1927; 0,0000; 0,0490
'Util/lib/Extra.List.fold'; 2691; 0,0000; 0,0422
'Back/lib/Syntax._equal_stmt'; 17; 0,0023; 0,0396
'Util/lib/Extra.identity'; 2727; 0,0000; 0,0363
'Back/test/Expr._synth_expr_bind'; 2362; 0,0000; 0,0360
'Util/lib/Typeset._reassociate'; 34; 0,0010; 0,0339
'Back/test/Simple.proper_simple_arrow'; 18414; 0,0000; 0,0337
'Util/lib/Typeset.<!+>'; 3866; 0,0000; 0,0335
'Back/test/Expr._synth_expr_lookup'; 909; 0,0000; 0,0330
'Util/lib/Extra.identity'; 16978; 0,0000; 0,0324
'Util/lib/AVL.get_height'; 9777; 0,0000; 0,0321
'Back/test/Mono.proper_simple_mono_arrow'; 15231; 0,0000; 0,0304
'Util/lib/Typeset._broken'; 34; 0,0009; 0,0295
'Back/test/Expr._synth_expr_lookup'; 758; 0,0000; 0,0286
'Back/test/Expr._synth_expr_lookup'; 778; 0,0000; 0,0276
'Util/lib/Typeset.<+>'; 4068; 0,0000; 0,0273
'Util/lib/Map.values'; 2691; 0,0000; 0,0261
'Util/lib/Map.make_bind'; 13371; 0,0000; 0,0254
'Back/lib/Syntax.label_equal'; 7022; 0,0000; 0,0253
'Back/test/Main.parse'; 89; 0,0003; 0,0243
'Util/lib/Typeset.text'; 13622; 0,0000; 0,0227
'Back/lib/Naming.suffix'; 751; 0,0000; 0,0223
'Util/lib/Typeset.comp'; 11299; 0,0000; 0,0205
'Util/lib/Typeset.text'; 11238; 0,0000; 0,0188
'Util/lib/AVL.to_list'; 2691; 0,0000; 0,0186
'Back/test/Poly._proper_simple_mono_poly'; 501; 0,0000; 0,0183
'Util/lib/AVL.get_height'; 6846; 0,0000; 0,0182
'ROOT'; 0; 0,0169; 0,0169
'Back/test/Mono.proper_simple_mono_equal'; 5208; 0,0000; 0,0164
'Util/lib/Typeset._structurize'; 92; 0,0002; 0,0162
'Back/test/Mono.proper_simple_mono_equal'; 4896; 0,0000; 0,0162
'Util/lib/Extra.swap'; 2580; 0,0000; 0,0158
'Back/test/Mono.proper_simple_mono_equal'; 3907; 0,0000; 0,0152
'Util/lib/Extra.List.map'; 2691; 0,0000; 0,0150
'Back/lib/Print._group'; 932; 0,0000; 0,0144
'Util/lib/Typeset.seq'; 3083; 0,0000; 0,0137
'Util/lib/Extra.List.cons'; 6718; 0,0000; 0,0132
'Back/test/Mono._gen_proper_simple_mono'; 66; 0,0002; 0,0131
'Util/lib/Typeset.make_node'; 5707; 0,0000; 0,0122
'Util/lib/Typeset.get_head'; 763; 0,0000; 0,0115
'Util/lib/Typeset.<!&>'; 1847; 0,0000; 0,0112
'Back/test/Simple._gen_simple_wrap'; 128; 0,0001; 0,0111
'Util/lib/AVL.insert_cont'; 13436; 0,0000; 0,0109
'Util/lib/Typeset.make_edge'; 5473; 0,0000; 0,0105
'Util/lib/Typeset.<!&>'; 1864; 0,0000; 0,0101
'Back/lib/Naming.suffix'; 652; 0,0000; 0,0094
'Util/lib/Infix.<=='; 2383; 0,0000; 0,0094
'Util/lib/Typeset.line'; 2693; 0,0000; 0,0094
'Back/test/Expr._synth_expr_lookup'; 280; 0,0000; 0,0091
'Util/lib/AVL.get_count'; 4564; 0,0000; 0,0091
'Util/lib/Typeset.~$'; 1864; 0,0000; 0,0091
'Back/lib/Naming.suffix'; 778; 0,0000; 0,0080
'Back/lib/Print._pass'; 1190; 0,0000; 0,0077
'Util/lib/Extra.identity'; 3969; 0,0000; 0,0075
'Util/lib/Typeset.</>'; 1645; 0,0000; 0,0074
'Util/lib/Map.get_value_unsafe'; 27; 0,0003; 0,0072
'Util/lib/Typeset.comp'; 4068; 0,0000; 0,0070
'Util/lib/Typeset.seq'; 4068; 0,0000; 0,0068
'Util/lib/Typeset.comp'; 3866; 0,0000; 0,0068
'Back/lib/Print._layout_stmt'; 128; 0,0001; 0,0067
'Util/lib/Typeset._structurize'; 34; 0,0002; 0,0066
'Util/lib/Typeset.get_pos'; 495; 0,0000; 0,0065
'Back/lib/Print._wrap'; 301; 0,0000; 0,0063
'Front/lib/Parser.input'; 6; 0,0010; 0,0062
'Back/test/Poly.proper_simple_mono_poly'; 501; 0,0000; 0,0059
'Util/lib/Typeset.nest'; 3182; 0,0000; 0,0059
'Front/lib/Lexer.token'; 662; 0,0000; 0,0054
'Util/lib/Typeset.nest'; 3226; 0,0000; 0,0054
'Back/test/Expr._synth_expr_bind'; 151; 0,0000; 0,0053
'Back/lib/Naming.sample'; 1927; 0,0000; 0,0052
'Util/lib/Extra.identity'; 2691; 0,0000; 0,0051
'Util/lib/Env.lookup'; 1758; 0,0000; 0,0050
'Util/lib/Typeset.newline'; 9; 0,0006; 0,0050
'Back/test/Mono.proper_simple_mono_arrow'; 2132; 0,0000; 0,0050
'Util/lib/AVL.make_null'; 2657; 0,0000; 0,0049
'Util/lib/AVL.make_node'; 2580; 0,0000; 0,0049
'Back/test/Mono._proper_simple_convert'; 43; 0,0001; 0,0048
'Back/lib/Print._layout_poly'; 556; 0,0000; 0,0047
'Back/test/Mono.proper_simple_mono_equal'; 1789; 0,0000; 0,0046
'Util/lib/Map.get_value_unsafe'; 16; 0,0003; 0,0046
'Util/lib/Env.lookup'; 610; 0,0000; 0,0044
'Back/test/Mono._lookup'; 115; 0,0000; 0,0042
'Util/lib/Env.lookup'; 573; 0,0000; 0,0041
'Util/lib/Typeset.get_offset'; 19686; 0,0000; 0,0041
'Back/lib/Syntax.expr_var'; 1235; 0,0000; 0,0040
'Util/lib/Typeset._linearize'; 92; 0,0000; 0,0038
'Back/lib/Naming.suffix'; 220; 0,0000; 0,0038
'Back/lib/Naming.suffix'; 35; 0,0001; 0,0038
'Util/lib/Typeset.comp'; 1847; 0,0000; 0,0038
'Util/lib/Typeset.~$'; 602; 0,0000; 0,0038
'Util/lib/Typeset.inc_pos'; 75995; 0,0000; 0,0037
'Util/lib/Env.bind'; 169; 0,0000; 0,0037
'Util/lib/Extra.identity'; 2151; 0,0000; 0,0037
'Back/lib/Syntax.stmt_expr'; 1375; 0,0000; 0,0035
'Back/lib/Syntax.expr_abs'; 1319; 0,0000; 0,0035
'Util/lib/Typeset.get_head'; 187; 0,0000; 0,0034
'Back/lib/Naming.sample_label'; 92; 0,0000; 0,0034
'Back/test/Mono.exist_equal'; 1306; 0,0000; 0,0032
'Util/lib/Typeset.<!&>'; 602; 0,0000; 0,0032
'Util/lib/Typeset.comp'; 1864; 0,0000; 0,0032
'Front/lib/Lexer.token'; 541; 0,0000; 0,0031
'Util/lib/Typeset.get_head'; 86; 0,0000; 0,0031
'Util/lib/Typeset.text'; 1864; 0,0000; 0,0031
'Back/test/Expr._synth_stmt'; 128; 0,0000; 0,0030
'Front/lib/Parser.input'; 2; 0,0015; 0,0030
'Util/lib/Typeset.grp'; 1692; 0,0000; 0,0029
'Back/lib/Syntax.stmt_defn'; 1065; 0,0000; 0,0028
'Front/lib/Lexer.token'; 178; 0,0000; 0,0028
'Util/lib/Typeset.line'; 1645; 0,0000; 0,0028
'Front/lib/Parser.input'; 2; 0,0014; 0,0027
'Util/lib/Typeset.get_break'; 234; 0,0000; 0,0027
'Back/lib/Naming.suffix'; 92; 0,0000; 0,0026
'Back/lib/Syntax.poly_var'; 751; 0,0000; 0,0026
'Back/test/Mono._bind'; 630; 0,0000; 0,0026
'Back/test/Main.parse'; 17; 0,0001; 0,0025
'Back/lib/Syntax.exist_equal'; 1395; 0,0000; 0,0025
'Util/lib/Typeset._broken'; 92; 0,0000; 0,0024
'Util/lib/Typeset.grp'; 1369; 0,0000; 0,0024
'Back/lib/Syntax.stmt_expr'; 1229; 0,0000; 0,0023
'Back/lib/Naming.sample_label'; 48; 0,0000; 0,0023
'Back/test/Mono.proper_simple_mono_var'; 630; 0,0000; 0,0023
'Back/lib/Naming.suffix'; 86; 0,0000; 0,0023
'Back/lib/Syntax.expr_abs'; 1212; 0,0000; 0,0022
'Util/lib/Typeset._serialize'; 92; 0,0000; 0,0022
'Front/lib/Parser.input'; 89; 0,0000; 0,0021
'Back/lib/Syntax.stmt_defn'; 991; 0,0000; 0,0020
'Util/lib/Typeset.~$'; 205; 0,0000; 0,0019
'Back/lib/Syntax.poly_param'; 727; 0,0000; 0,0019
'Util/lib/Map.lookup_unsafe_cont'; 6718; 0,0000; 0,0019
'Back/lib/Naming.sample'; 652; 0,0000; 0,0018
'Back/lib/Syntax.expr_var'; 940; 0,0000; 0,0018
'Back/lib/Naming.sample'; 751; 0,0000; 0,0018
'Back/test/Mono._gen_simple_mono'; 128; 0,0000; 0,0017
'Back/lib/Naming.sample_exist'; 812; 0,0000; 0,0017
'Back/test/Simple.proper_simple_arrow'; 827; 0,0000; 0,0017
'Back/test/Simple.proper_simple_equal'; 574; 0,0000; 0,0017
'Util/lib/Map.values'; 89; 0,0000; 0,0017
'Back/lib/Syntax._equal_stmt'; 6; 0,0003; 0,0017
'Util/lib/Typeset._fixed'; 92; 0,0000; 0,0017
'Front/lib/Parser.input'; 3; 0,0006; 0,0017
'Util/lib/Typeset._rescope'; 89; 0,0000; 0,0016
'Back/lib/Syntax.poly_arrow'; 771; 0,0000; 0,0016
'Util/lib/AVL.insert_cont'; 54; 0,0000; 0,0016
'Util/lib/AVL.local_inbalance'; 119; 0,0000; 0,0015
'Util/lib/Typeset._rescope'; 2; 0,0008; 0,0015
'Util/lib/Env.bind'; 610; 0,0000; 0,0015
'Back/lib/Syntax.poly_arrow'; 789; 0,0000; 0,0015
'Util/lib/Extra.identity'; 712; 0,0000; 0,0015
'Util/lib/AVL.local_rebalance'; 119; 0,0000; 0,0015
'Back/lib/Naming.sample'; 778; 0,0000; 0,0015
'Util/lib/Env.bind'; 573; 0,0000; 0,0014
'Back/lib/Syntax.stmt_decl'; 501; 0,0000; 0,0014
'Util/lib/Typeset.get_pos'; 38; 0,0000; 0,0014
'Util/lib/Typeset.set_pos'; 6039; 0,0000; 0,0014
'Util/lib/Typeset._rescope'; 3; 0,0005; 0,0014
'Back/test/Expr._synth_expr_lookup'; 62; 0,0000; 0,0014
'Util/lib/Typeset._denull'; 89; 0,0000; 0,0014
'Back/lib/Naming.suffix'; 135; 0,0000; 0,0013
'Back/test/Mono.proper_simple_mono_arrow'; 691; 0,0000; 0,0013
'Back/test/Poly._proper_simple_mono_poly'; 55; 0,0000; 0,0013
'Back/lib/Print.layout_stmt'; 128; 0,0000; 0,0013
'Util/lib/Map.insert_cont'; 13436; 0,0000; 0,0013
'Util/lib/Typeset._reassociate'; 89; 0,0000; 0,0013
'Back/lib/Syntax.expr_var'; 573; 0,0000; 0,0013
'Util/lib/Typeset.render'; 89; 0,0000; 0,0013
'Back/lib/Syntax.expr_var'; 348; 0,0000; 0,0013
'Front/lib/Lexer.token'; 165; 0,0000; 0,0012
'Util/lib/Typeset.inc_pos'; 89; 0,0000; 0,0012
'Util/lib/Env.lookup'; 1880; 0,0000; 0,0012
'Back/test/Mono.proper_simple_mono_var'; 378; 0,0000; 0,0012
'Back/test/Expr._synth_expr_bind'; 126; 0,0000; 0,0012
'Back/test/Expr._synth_expr_lookup'; 36; 0,0000; 0,0012
'Back/test/Mono.proper_simple_mono_var'; 433; 0,0000; 0,0012
'Util/lib/AVL.to_list'; 89; 0,0000; 0,0012
'Util/lib/AVL.make_node'; 119; 0,0000; 0,0012
'Util/lib/Typeset._identities'; 89; 0,0000; 0,0011
'Util/lib/Typeset.comp'; 602; 0,0000; 0,0011
'Back/lib/Naming.suffix'; 61; 0,0000; 0,0011
'Util/lib/Typeset.text'; 602; 0,0000; 0,0011
'Util/lib/Extra.identity'; 540; 0,0000; 0,0011
'Back/lib/Print.print_stmt'; 128; 0,0000; 0,0010
'Util/lib/Typeset.render'; 34; 0,0000; 0,0010
'Back/lib/Naming.suffix'; 34; 0,0000; 0,0010
'Util/lib/Infix.<=='; 1544; 0,0000; 0,0010
'Util/lib/Typeset.get_break'; 23; 0,0000; 0,0010
'Back/lib/Naming.sample'; 82; 0,0000; 0,0010
'Back/lib/Naming.suffix'; 82; 0,0000; 0,0010
'Back/test/Mono.proper_simple_mono_equal'; 356; 0,0000; 0,0010
'Back/lib/Syntax.label_equal'; 250; 0,0000; 0,0009
'Util/lib/AVL.fold'; 89; 0,0000; 0,0009
'Back/lib/Syntax.stmt_decl'; 487; 0,0000; 0,0009
'Back/lib/Syntax.expr_app'; 203; 0,0000; 0,0009
'Back/test/Mono.proper_simple_mono_equal'; 192; 0,0000; 0,0009
'Back/lib/Syntax._equal_stmt'; 2; 0,0004; 0,0009
'Util/lib/Typeset.compile'; 92; 0,0000; 0,0009
'Util/lib/Typeset.~$'; 129; 0,0000; 0,0009
'Util/lib/Env.lookup'; 100; 0,0000; 0,0009
'Util/lib/Typeset.get_head'; 69; 0,0000; 0,0008
'Util/lib/Typeset.make_node'; 89; 0,0000; 0,0008
'Util/lib/Extra.List.fold'; 89; 0,0000; 0,0008
'Util/lib/Typeset.set_pos'; 89; 0,0000; 0,0008
'Util/lib/Extra.List.cons'; 359; 0,0000; 0,0008
'Front/lib/Parser.input'; 3; 0,0003; 0,0008
'Front/lib/Parser.input'; 1; 0,0008; 0,0008
'Front/lib/Parser.input'; 3; 0,0002; 0,0007
'Util/lib/Extra.List.cons'; 393; 0,0000; 0,0007
'Util/lib/Typeset.set_break'; 89; 0,0000; 0,0007
'Util/lib/AVL.fold'; 4; 0,0002; 0,0007
'Back/lib/Naming.sample'; 220; 0,0000; 0,0007
'Front/lib/Parser.input'; 2; 0,0004; 0,0007
'Util/lib/Map.values'; 36; 0,0000; 0,0007
'Back/test/Mono.proper_simple_mono_var'; 270; 0,0000; 0,0007
'Util/lib/Typeset.set_head'; 89; 0,0000; 0,0007
'Util/lib/Typeset.compile'; 34; 0,0000; 0,0007
'Util/lib/Typeset.reset'; 89; 0,0000; 0,0007
'Front/lib/Lexer.token'; 98; 0,0000; 0,0006
'Back/lib/Print._group'; 24; 0,0000; 0,0006
'Util/lib/Typeset.get_offset'; 10; 0,0001; 0,0006
'Back/test/Mono.proper_simple_mono_equal'; 182; 0,0000; 0,0006
'Util/lib/Extra.List.cons'; 297; 0,0000; 0,0006
'Util/lib/Typeset.set_break'; 6740; 0,0000; 0,0006
'Util/lib/Typeset.text'; 273; 0,0000; 0,0006
'Front/lib/Lexer.token'; 77; 0,0000; 0,0006
'Util/lib/Typeset._linearize'; 2; 0,0003; 0,0006
'Util/lib/Typeset._denull'; 2; 0,0003; 0,0006
'Back/test/Expr._synth_expr_lookup'; 13; 0,0000; 0,0006
'Util/lib/Typeset._denull'; 3; 0,0002; 0,0006
'Back/test/Poly.proper_simple_mono_poly'; 55; 0,0000; 0,0006
'Util/lib/Extra.List.map'; 89; 0,0000; 0,0006
'Back/lib/Syntax.stmt_equal'; 89; 0,0000; 0,0006
'Util/lib/AVL.get_height'; 238; 0,0000; 0,0006
'Back/lib/Syntax.label_equal'; 178; 0,0000; 0,0006
'Util/lib/Typeset.get_offset'; 19; 0,0000; 0,0006
'Util/lib/Typeset._serialize'; 2; 0,0003; 0,0006
'Back/lib/Naming.sample_label'; 21; 0,0000; 0,0006
'Util/lib/AVL.local_inbalance'; 51; 0,0000; 0,0006
'Back/test/Expr._synth_expr_bind'; 15; 0,0000; 0,0006
'Util/lib/AVL.local_rebalance'; 51; 0,0000; 0,0005
'Util/lib/Typeset.grp'; 301; 0,0000; 0,0005
'Back/lib/Naming.suffix'; 6; 0,0001; 0,0005
'Util/lib/Typeset.text'; 205; 0,0000; 0,0005
'Back/test/Expr._synth_expr_lookup'; 41; 0,0000; 0,0005
'Util/lib/Env.lookup'; 171; 0,0000; 0,0005
'Util/lib/Map.get_key'; 250; 0,0000; 0,0005
'Util/lib/Typeset.indent'; 19470; 0,0000; 0,0005
'Util/lib/Typeset._fixed'; 2; 0,0002; 0,0005
'Util/lib/Order.int_compare'; 153; 0,0000; 0,0005
'Back/test/Expr.synth_stmt'; 128; 0,0000; 0,0005
'Util/lib/Typeset.get_lvl'; 53153; 0,0000; 0,0005
'Util/lib/Typeset.get_offset'; 46; 0,0000; 0,0005
'Util/lib/AVL.to_list'; 36; 0,0000; 0,0005
'Front/lib/Lexer.token'; 64; 0,0000; 0,0004
'Util/lib/Extra.List.cons'; 224; 0,0000; 0,0004
'Util/lib/Typeset._structurize'; 2; 0,0002; 0,0004
'Util/lib/Typeset._broken'; 2; 0,0002; 0,0004
'Back/lib/Naming.sample_label'; 10; 0,0000; 0,0004
'Util/lib/Typeset.reset'; 5420; 0,0000; 0,0004
'Util/lib/Typeset.get_head'; 13; 0,0000; 0,0004
'Util/lib/Typeset.set_lvl'; 38940; 0,0000; 0,0004
'Back/lib/Naming.sample'; 135; 0,0000; 0,0004
'Util/lib/Typeset.get_break'; 19; 0,0000; 0,0004
'Util/lib/AVL.local_rebalance'; 23; 0,0000; 0,0004
'Back/lib/Syntax._equal_stmt'; 3; 0,0001; 0,0004
'Back/test/Main.parse'; 6; 0,0001; 0,0004
'Util/lib/Typeset.set_head'; 15269; 0,0000; 0,0004
'Back/lib/Syntax._equal_stmt'; 89; 0,0000; 0,0004
'Util/lib/AVL.make_null'; 70; 0,0000; 0,0004
'Back/lib/Naming.sample'; 92; 0,0000; 0,0004
'Back/lib/Syntax.expr_app'; 185; 0,0000; 0,0004
'Util/lib/Typeset.<!&>'; 48; 0,0000; 0,0004
'Front/lib/Lexer.token'; 40; 0,0000; 0,0004
'Back/lib/Naming.suffix'; 9; 0,0000; 0,0004
'Back/lib/Naming.sample_label'; 9; 0,0000; 0,0004
'Back/lib/Print._group'; 15; 0,0000; 0,0004
'Util/lib/Typeset.<+>'; 45; 0,0000; 0,0003
'Util/lib/Typeset.grp'; 120; 0,0000; 0,0003
'Back/test/Mono.proper_simple_mono_arrow'; 116; 0,0000; 0,0003
'Back/test/Expr._synth_expr_lookup'; 15; 0,0000; 0,0003
'Util/lib/AVL.fold'; 36; 0,0000; 0,0003
'Util/lib/Typeset.<+>'; 40; 0,0000; 0,0003
'Util/lib/Typeset.get_head'; 17; 0,0000; 0,0003
'Util/lib/AVL.make_null'; 92; 0,0000; 0,0003
'Util/lib/Extra.List.fold'; 36; 0,0000; 0,0003
'Back/lib/Syntax.expr_var'; 66; 0,0000; 0,0003
'Back/test/Expr._synth_expr_lookup'; 11; 0,0000; 0,0003
'Util/lib/Typeset.<!+>'; 38; 0,0000; 0,0003
'Util/lib/Typeset.~$'; 48; 0,0000; 0,0003
'Util/lib/Extra.compose'; 54; 0,0000; 0,0003
'Util/lib/AVL.insert_cont'; 32; 0,0000; 0,0003
'Util/lib/Typeset.inc_pos'; 402; 0,0000; 0,0003
'Util/lib/Typeset.<!+>'; 35; 0,0000; 0,0003
'Util/lib/Typeset.set_lvl'; 38; 0,0000; 0,0003
'Util/lib/Typeset._identities'; 3; 0,0001; 0,0003
'Util/lib/Extra.identity'; 154; 0,0000; 0,0003
'Front/lib/Lexer.token'; 36; 0,0000; 0,0003
'Util/lib/Typeset.text'; 129; 0,0000; 0,0003
'Back/lib/Syntax.expr_var'; 66; 0,0000; 0,0003
'Util/lib/Typeset._reassociate'; 3; 0,0001; 0,0003
'Back/test/Expr._synth_expr_bind'; 4; 0,0001; 0,0003
'Back/lib/Naming.suffix'; 19; 0,0000; 0,0003
'Back/lib/Syntax.expr_var'; 85; 0,0000; 0,0003
'Back/lib/Syntax.expr_var'; 103; 0,0000; 0,0003
'Util/lib/AVL.local_inbalance'; 23; 0,0000; 0,0003
'Util/lib/Typeset.text'; 110; 0,0000; 0,0003
'Util/lib/Typeset.indent'; 19; 0,0000; 0,0003
'Back/lib/Syntax.poly_var'; 82; 0,0000; 0,0003
'Util/lib/Typeset.make_state'; 89; 0,0000; 0,0003
'Util/lib/Typeset.grp'; 105; 0,0000; 0,0003
'Back/lib/Syntax.expr_abs'; 56; 0,0000; 0,0003
'Util/lib/Typeset.get_lvl'; 38; 0,0000; 0,0003
'Util/lib/Extra.List.map'; 36; 0,0000; 0,0003
'Back/lib/Syntax.stmt_equal'; 17; 0,0000; 0,0003
'Util/lib/Typeset.get_break'; 14; 0,0000; 0,0003
'Util/lib/Extra.identity'; 96; 0,0000; 0,0003
'Util/lib/Extra.List.cons'; 128; 0,0000; 0,0002
'Util/lib/Env.bind'; 100; 0,0000; 0,0002
'Back/lib/Naming.suffix'; 2; 0,0001; 0,0002
'Util/lib/Extra.compose'; 32; 0,0000; 0,0002
'Back/lib/Naming.suffix'; 19; 0,0000; 0,0002
'Back/lib/Syntax.poly_arrow'; 75; 0,0000; 0,0002
'Back/test/Expr._synth_expr_lookup'; 7; 0,0000; 0,0002
'Util/lib/Extra.identity'; 89; 0,0000; 0,0002
'Util/lib/Typeset.get_offset'; 7; 0,0000; 0,0002
'Back/lib/Naming.sample'; 86; 0,0000; 0,0002
'Back/test/Simple.proper_simple_arrow'; 74; 0,0000; 0,0002
'Util/lib/AVL.local_inbalance'; 22; 0,0000; 0,0002
'Util/lib/Typeset.get_head'; 15; 0,0000; 0,0002
'Back/test/Mono.proper_simple_mono_var'; 51; 0,0000; 0,0002
'Util/lib/Extra.identity'; 89; 0,0000; 0,0002
'Util/lib/Typeset.get_head'; 33; 0,0000; 0,0002
'Util/lib/AVL.local_rebalance'; 22; 0,0000; 0,0002
'Util/lib/Extra.List.cons'; 110; 0,0000; 0,0002
'Back/test/Expr._synth_expr_bind'; 4; 0,0001; 0,0002
'Util/lib/Typeset._reassociate'; 2; 0,0001; 0,0002
'Back/test/Mono.exist_equal'; 89; 0,0000; 0,0002
'Util/lib/Extra.List.fold'; 7; 0,0000; 0,0002
'Util/lib/AVL.get_height'; 102; 0,0000; 0,0002
'Util/lib/Typeset.comp'; 45; 0,0000; 0,0002
'Util/lib/Order.int_compare'; 54; 0,0000; 0,0002
'Util/lib/Typeset._identities'; 2; 0,0001; 0,0002
'Util/lib/Extra.List.cons'; 70; 0,0000; 0,0002
'Util/lib/Typeset.set_lvl'; 20; 0,0000; 0,0002
'Util/lib/AVL.make_node'; 100; 0,0000; 0,0002
'Back/lib/Syntax.stmt_defn'; 55; 0,0000; 0,0002
'Util/lib/Typeset.~$'; 30; 0,0000; 0,0002
'Back/lib/Syntax.stmt_expr'; 85; 0,0000; 0,0002
'Util/lib/Typeset.<!&>'; 26; 0,0000; 0,0002
'Util/lib/Env.from_list'; 1; 0,0002; 0,0002
'Back/lib/Syntax.stmt_expr'; 89; 0,0000; 0,0002
'Util/lib/Map.get_key'; 108; 0,0000; 0,0002
'Util/lib/Extra.List.fold'; 14; 0,0000; 0,0002
'Util/lib/Order.int_compare'; 53; 0,0000; 0,0002
'Util/lib/Typeset.<!&>'; 30; 0,0000; 0,0002
'Back/lib/Naming.sample'; 61; 0,0000; 0,0002
'Back/lib/Syntax._equal_stmt'; 2; 0,0001; 0,0002
'Back/test/Expr._synth_expr_lookup'; 4; 0,0000; 0,0002
'Util/lib/Typeset.comp'; 78; 0,0000; 0,0002
'Back/lib/Syntax.poly_arrow'; 40; 0,0000; 0,0002
'Util/lib/Extra.identity'; 89; 0,0000; 0,0002
'Back/test/Main.parse'; 3; 0,0001; 0,0002
'Back/lib/Syntax._equal_stmt'; 3; 0,0001; 0,0002
'Util/lib/Typeset.make_node'; 67; 0,0000; 0,0002
'Back/lib/Syntax.stmt_decl'; 55; 0,0000; 0,0002
'Back/lib/Syntax.label_equal'; 44; 0,0000; 0,0002
'Util/lib/AVL.fold'; 7; 0,0000; 0,0002
'Back/lib/Syntax.expr_abs'; 73; 0,0000; 0,0002
'Util/lib/Map.get_key'; 86; 0,0000; 0,0002
'Util/lib/Order.int_compare'; 54; 0,0000; 0,0002
'Util/lib/Typeset.indent'; 10; 0,0000; 0,0002
'Back/test/Simple.simple_proper'; 43; 0,0000; 0,0002
'load(front/lib/Native)'; 1; 0,0002; 0,0002
'Back/test/Mono._bind'; 43; 0,0000; 0,0002
'Util/lib/Typeset.make_state'; 34; 0,0000; 0,0002
'Back/lib/Syntax.stmt_expr'; 79; 0,0000; 0,0002
'Back/lib/Naming.sample_label'; 6; 0,0000; 0,0002
'Util/lib/Extra.identity'; 89; 0,0000; 0,0002
'Util/lib/Extra.identity'; 89; 0,0000; 0,0002
'Util/lib/Map.lookup_unsafe_cont'; 27; 0,0000; 0,0002
'Back/lib/Naming.sample'; 35; 0,0000; 0,0002
'Util/lib/Typeset.<!&>'; 17; 0,0000; 0,0002
'Back/lib/Naming.suffix'; 2; 0,0001; 0,0002
'Util/lib/Extra.identity'; 80; 0,0000; 0,0002
'Back/lib/Syntax.stmt_expr'; 43; 0,0000; 0,0002
'Util/lib/Map.values'; 7; 0,0000; 0,0002
'Util/lib/Typeset.get_lvl'; 20; 0,0000; 0,0002
'Util/lib/AVL.fold'; 14; 0,0000; 0,0002
'Util/lib/Extra.identity'; 75; 0,0000; 0,0002
'Util/lib/Map.values'; 14; 0,0000; 0,0002
'Util/lib/Typeset.get_head'; 7; 0,0000; 0,0002
'Util/lib/Typeset.</>'; 21; 0,0000; 0,0001
'Back/test/Main.parse'; 3; 0,0000; 0,0001
'Back/lib/Syntax.expr_var'; 50; 0,0000; 0,0001
'Util/lib/Typeset.make_node'; 36; 0,0000; 0,0001
'Back/lib/Syntax.expr_var'; 53; 0,0000; 0,0001
'Util/lib/Map.get_key'; 53; 0,0000; 0,0001
'Util/lib/Typeset.get_head'; 8; 0,0000; 0,0001
'Back/test/Expr.arbitrary_typed_expr'; 5; 0,0000; 0,0001
'Back/test/Mono.simple_mono_proper'; 43; 0,0000; 0,0001
'Back/test/Mono.proper_simple_mono_equal'; 46; 0,0000; 0,0001
'Util/lib/Extra.List.cons'; 61; 0,0000; 0,0001
'Back/lib/Naming.sample_label'; 2; 0,0001; 0,0001
'Util/lib/Typeset.inc_pos'; 282; 0,0000; 0,0001
'Util/lib/Extra.swap'; 14; 0,0000; 0,0001
'Back/test/Main.parse'; 2; 0,0001; 0,0001
'Back/test/Mono.proper_simple_mono_equal'; 21; 0,0000; 0,0001
'Back/test/Main.parse'; 3; 0,0000; 0,0001
'Back/test/Mono.proper_simple_mono_var'; 43; 0,0000; 0,0001
'Util/lib/Env.lookup'; 5; 0,0000; 0,0001
'Util/lib/Typeset.comp'; 54; 0,0000; 0,0001
'Util/lib/Map.make_bind'; 34; 0,0000; 0,0001
'Back/lib/Naming.make_gen'; 14; 0,0000; 0,0001
'Back/test/Mono.proper_simple_mono_equal'; 16; 0,0000; 0,0001
'Util/lib/AVL.get_height'; 54; 0,0000; 0,0001
'Back/lib/Syntax.stmt_equal'; 6; 0,0000; 0,0001
'Back/lib/Syntax._equal_stmt'; 1; 0,0001; 0,0001
'Util/lib/Typeset.comp'; 56; 0,0000; 0,0001
'Util/lib/Typeset.get_offset'; 5; 0,0000; 0,0001
'Back/test/Mono.proper_simple_mono_equal'; 41; 0,0000; 0,0001
'Util/lib/Typeset.text'; 58; 0,0000; 0,0001
'Util/lib/Map.insert_cont'; 54; 0,0000; 0,0001
'Back/lib/Print._wrap'; 2; 0,0001; 0,0001
'Back/lib/Syntax.poly_param'; 44; 0,0000; 0,0001
'Util/lib/AVL.to_list'; 7; 0,0000; 0,0001
'Util/lib/AVL.get_height'; 46; 0,0000; 0,0001
'Util/lib/AVL.to_list'; 14; 0,0000; 0,0001
'Util/lib/Typeset.get_head'; 4; 0,0000; 0,0001
'Util/lib/Typeset.nest'; 45; 0,0000; 0,0001
'Back/lib/Syntax.stmt_defn'; 52; 0,0000; 0,0001
'Util/lib/AVL.get_height'; 44; 0,0000; 0,0001
'Back/test/Expr.arbitrary_typed_stmt'; 1; 0,0001; 0,0001
'Back/lib/Naming.sample'; 34; 0,0000; 0,0001
'Util/lib/Typeset.seq'; 45; 0,0000; 0,0001
'Back/lib/Syntax.stmt_defn'; 3; 0,0000; 0,0001
'Util/lib/Typeset.comp'; 48; 0,0000; 0,0001
'Util/lib/Typeset.seq'; 40; 0,0000; 0,0001
'Back/lib/Syntax.expr_var'; 40; 0,0000; 0,0001
'Back/lib/Naming.suffix'; 7; 0,0000; 0,0001
'Back/lib/Syntax.expr_var'; 45; 0,0000; 0,0001
'Util/lib/AVL.get_count'; 22; 0,0000; 0,0001
'Back/test/Mono.proper_simple_mono_var'; 40; 0,0000; 0,0001
'Util/lib/Map.values'; 4; 0,0000; 0,0001
'Util/lib/Map.lookup_unsafe_cont'; 16; 0,0000; 0,0001
'Util/lib/Typeset.</>'; 10; 0,0000; 0,0001
'Util/lib/Typeset.text'; 48; 0,0000; 0,0001
'Back/test/Main.parse'; 2; 0,0000; 0,0001
'Util/lib/Typeset.set_pos'; 18; 0,0000; 0,0001
'Back/lib/Naming.suffix'; 6; 0,0000; 0,0001
'Back/test/Mono.proper_simple_mono_equal'; 13; 0,0000; 0,0001
'Util/lib/Map.make_bind'; 44; 0,0000; 0,0001
'Util/lib/Extra.identity'; 36; 0,0000; 0,0001
'Util/lib/AVL.make_node'; 44; 0,0000; 0,0001
'Util/lib/Typeset.comp'; 40; 0,0000; 0,0001
'Util/lib/Typeset.render'; 3; 0,0000; 0,0001
'Back/lib/Syntax.poly_arrow'; 37; 0,0000; 0,0001
'Util/lib/Env.bind'; 17; 0,0000; 0,0001
'Util/lib/Typeset.get_head'; 3; 0,0000; 0,0001
'Util/lib/AVL.get_height'; 33; 0,0000; 0,0001
'Util/lib/Extra.List.map'; 14; 0,0000; 0,0001
'Util/lib/Typeset.comp'; 35; 0,0000; 0,0001
'Back/lib/Naming.sample'; 19; 0,0000; 0,0001
'Util/lib/Typeset.comp'; 38; 0,0000; 0,0001
'Back/lib/Syntax.expr_app'; 11; 0,0000; 0,0001
'Util/lib/Typeset.nest'; 38; 0,0000; 0,0001
'Back/lib/Syntax.poly_arrow'; 46; 0,0000; 0,0001
'Back/lib/Syntax._equal_stmt'; 3; 0,0000; 0,0001
'Util/lib/Typeset.text'; 40; 0,0000; 0,0001
'Util/lib/Extra.identity'; 36; 0,0000; 0,0001
'Back/test/Main.parse'; 2; 0,0000; 0,0001
'Util/lib/Map.make_bind'; 30; 0,0000; 0,0001
'Back/lib/Syntax.poly_param'; 42; 0,0000; 0,0001
'Util/lib/Extra.identity'; 36; 0,0000; 0,0001
'Util/lib/Typeset.get_pos'; 16; 0,0000; 0,0001
'Back/lib/Syntax.label_equal'; 15; 0,0000; 0,0001
'Back/lib/Naming.make_ctx'; 7; 0,0000; 0,0001
'Util/lib/Typeset.comp'; 30; 0,0000; 0,0001
'Back/lib/Syntax.label_equal'; 10; 0,0000; 0,0001
'Back/lib/Syntax.expr_var'; 13; 0,0000; 0,0001
'Back/lib/Syntax.expr_abs'; 44; 0,0000; 0,0001
'Util/lib/AVL.get_height'; 34; 0,0000; 0,0001
'Back/lib/Syntax.stmt_expr'; 46; 0,0000; 0,0001
'Back/lib/Syntax.stmt_decl'; 28; 0,0000; 0,0001
'Util/lib/Extra.List.map'; 7; 0,0000; 0,0001
'Util/lib/Env.lookup'; 2; 0,0000; 0,0001
'Back/lib/Syntax.expr_var'; 9; 0,0000; 0,0001
'Util/lib/Map.make_bind'; 31; 0,0000; 0,0001
'Util/lib/Typeset.get_pos'; 13; 0,0000; 0,0001
'Util/lib/Typeset.text'; 30; 0,0000; 0,0001
'Back/lib/Naming.sample'; 19; 0,0000; 0,0001
'Util/lib/Typeset.render'; 2; 0,0000; 0,0001
'Util/lib/Env.bind'; 17; 0,0000; 0,0001
'Util/lib/Map.insert_cont'; 32; 0,0000; 0,0001
'Util/lib/Extra.List.cons'; 27; 0,0000; 0,0001
'Util/lib/Typeset.make_edge'; 27; 0,0000; 0,0001
'Util/lib/Typeset.get_pos'; 9; 0,0000; 0,0001
'Back/lib/Syntax.expr_var'; 38; 0,0000; 0,0001
'Back/lib/Syntax.label_equal'; 13; 0,0000; 0,0001
'Util/lib/AVL.make_node'; 23; 0,0000; 0,0001
'Util/lib/AVL.get_height'; 27; 0,0000; 0,0001
'Back/lib/Syntax.stmt_defn'; 37; 0,0000; 0,0001
'Back/test/Main.parse'; 1; 0,0001; 0,0001
'Util/lib/Map.get_key'; 26; 0,0000; 0,0001
'Util/lib/Typeset.comp'; 26; 0,0000; 0,0001
'Back/lib/Naming.suffix'; 6; 0,0000; 0,0001
'Util/lib/Typeset.get_lvl'; 92; 0,0000; 0,0001
'Util/lib/Typeset.get_break'; 3; 0,0000; 0,0001
'Util/lib/Typeset.set_break'; 25; 0,0000; 0,0001
'Util/lib/Typeset.compile'; 2; 0,0000; 0,0001
'Util/lib/AVL.to_list'; 4; 0,0000; 0,0000
'Util/lib/Extra.List.fold'; 4; 0,0000; 0,0000
'Back/lib/Print._pass'; 11; 0,0000; 0,0000
'Util/lib/Typeset.set_lvl'; 10; 0,0000; 0,0000
'Util/lib/Order.int_compare'; 13; 0,0000; 0,0000
'Back/lib/Syntax.stmt_equal'; 3; 0,0000; 0,0000
'Util/lib/Typeset.get_head'; 9; 0,0000; 0,0000
'Back/lib/Syntax._equal_stmt'; 2; 0,0000; 0,0000
'Back/lib/Syntax.stmt_equal'; 3; 0,0000; 0,0000
'Util/lib/Typeset.make_node'; 24; 0,0000; 0,0000
'Util/lib/Typeset.get_pos'; 13; 0,0000; 0,0000
'Util/lib/Typeset.line'; 21; 0,0000; 0,0000
'Util/lib/Typeset.indent'; 46; 0,0000; 0,0000
'Util/lib/Extra.List.cons'; 16; 0,0000; 0,0000
'Util/lib/Typeset.make_node'; 18; 0,0000; 0,0000
'Util/lib/Extra.identity'; 18; 0,0000; 0,0000
'Util/lib/Extra.List.map'; 4; 0,0000; 0,0000
'Util/lib/Extra.List.fold'; 1; 0,0000; 0,0000
'Back/test/Mono.proper_simple_mono_var'; 7; 0,0000; 0,0000
'Back/lib/Naming.suffix'; 4; 0,0000; 0,0000
'Util/lib/Typeset.nest'; 19; 0,0000; 0,0000
'Util/lib/Typeset.indent'; 5; 0,0000; 0,0000
'Util/lib/Typeset.indent'; 7; 0,0000; 0,0000
'Back/lib/Syntax.label_equal'; 7; 0,0000; 0,0000
'Util/lib/Typeset.nest'; 20; 0,0000; 0,0000
'Util/lib/Typeset.get_lvl'; 10; 0,0000; 0,0000
'Back/test/Mono.proper_simple_mono_var'; 17; 0,0000; 0,0000
'Back/lib/Naming.suffix'; 4; 0,0000; 0,0000
'Util/lib/Typeset.get_pos'; 10; 0,0000; 0,0000
'Util/lib/Extra.identity'; 21; 0,0000; 0,0000
'Util/lib/AVL.get_count'; 18; 0,0000; 0,0000
'Util/lib/Typeset.seq'; 19; 0,0000; 0,0000
'Util/lib/Extra.identity'; 18; 0,0000; 0,0000
'Util/lib/Typeset.set_pos'; 34; 0,0000; 0,0000
'Util/lib/Typeset.comp'; 17; 0,0000; 0,0000
'Util/lib/Typeset.set_head'; 82; 0,0000; 0,0000
'Back/lib/Naming.sample'; 7; 0,0000; 0,0000
'Back/lib/Syntax.stmt_equal'; 2; 0,0000; 0,0000
'Back/lib/Syntax.stmt_equal'; 3; 0,0000; 0,0000
'Util/lib/Extra.swap'; 2; 0,0000; 0,0000
'Util/lib/Env.lookup'; 4; 0,0000; 0,0000
'Util/lib/AVL.local_inbalance'; 2; 0,0000; 0,0000
'Back/lib/Syntax.stmt_expr'; 16; 0,0000; 0,0000
'Util/lib/Typeset.set_lvl'; 92; 0,0000; 0,0000
'Back/lib/Syntax.stmt_decl'; 23; 0,0000; 0,0000
'Util/lib/Typeset.reset'; 11; 0,0000; 0,0000
'Util/lib/Typeset.~$'; 4; 0,0000; 0,0000
'Back/lib/Naming.sample'; 9; 0,0000; 0,0000
'Util/lib/Typeset.text'; 17; 0,0000; 0,0000
'Util/lib/Typeset.set_lvl'; 14; 0,0000; 0,0000
'Util/lib/Typeset.line'; 16; 0,0000; 0,0000
'Util/lib/Typeset.reset'; 34; 0,0000; 0,0000
'Back/lib/Syntax.label_equal'; 6; 0,0000; 0,0000
'Util/lib/Typeset.make_edge'; 16; 0,0000; 0,0000
'Util/lib/Typeset.grp'; 14; 0,0000; 0,0000
'Util/lib/Typeset.indent'; 47; 0,0000; 0,0000
'Util/lib/Typeset.get_pos'; 5; 0,0000; 0,0000
'Util/lib/AVL.make_node'; 14; 0,0000; 0,0000
'Back/lib/Syntax.expr_app'; 8; 0,0000; 0,0000
'Back/lib/Syntax.poly_param'; 12; 0,0000; 0,0000
'Back/lib/Syntax.stmt_expr'; 15; 0,0000; 0,0000
'Util/lib/Typeset.get_pos'; 6; 0,0000; 0,0000
'Back/lib/Syntax.stmt_defn'; 13; 0,0000; 0,0000
'Util/lib/Typeset.<!&>'; 4; 0,0000; 0,0000
'Util/lib/Typeset.get_offset'; 47; 0,0000; 0,0000
'Util/lib/Typeset.get_lvl'; 14; 0,0000; 0,0000
'Back/lib/Syntax.expr_abs'; 13; 0,0000; 0,0000
'Util/lib/Env.lookup'; 1; 0,0000; 0,0000
'Util/lib/Typeset.seq'; 14; 0,0000; 0,0000
'Util/lib/AVL.local_rebalance'; 2; 0,0000; 0,0000
'Util/lib/Typeset.set_lvl'; 94; 0,0000; 0,0000
'Util/lib/AVL.make_null'; 12; 0,0000; 0,0000
'Back/lib/Syntax.poly_arrow'; 13; 0,0000; 0,0000
'Util/lib/AVL.get_height'; 13; 0,0000; 0,0000
'Util/lib/Typeset.line'; 10; 0,0000; 0,0000
'Util/lib/Extra.identity'; 14; 0,0000; 0,0000
'Util/lib/Env.lookup'; 1; 0,0000; 0,0000
'Util/lib/Typeset.set_head'; 62; 0,0000; 0,0000
'Back/lib/Syntax.stmt_equal'; 2; 0,0000; 0,0000
'Util/lib/Typeset.set_break'; 34; 0,0000; 0,0000
'Back/lib/Syntax.stmt_equal'; 2; 0,0000; 0,0000
'load(back/test/Mono)'; 1; 0,0000; 0,0000
'Util/lib/Typeset.get_lvl'; 115; 0,0000; 0,0000
'Util/lib/Order.int_compare'; 7; 0,0000; 0,0000
'Back/lib/Syntax.expr_abs'; 12; 0,0000; 0,0000
'Back/lib/Naming.sample'; 6; 0,0000; 0,0000
'Back/lib/Syntax.stmt_expr'; 12; 0,0000; 0,0000
'Util/lib/Extra.identity'; 10; 0,0000; 0,0000
'Back/test/Poly.arbitrary_poly'; 1; 0,0000; 0,0000
'Back/lib/Syntax.expr_var'; 10; 0,0000; 0,0000
'Back/lib/Naming.sample'; 6; 0,0000; 0,0000
'Back/lib/Naming.make_ctx'; 1; 0,0000; 0,0000
'Back/lib/Syntax.stmt_expr'; 4; 0,0000; 0,0000
'Util/lib/AVL.get_height'; 9; 0,0000; 0,0000
'Back/test/Mono.proper_simple_mono_var'; 4; 0,0000; 0,0000
'Back/lib/Syntax.stmt_expr'; 9; 0,0000; 0,0000
'Back/lib/Naming.suffix'; 2; 0,0000; 0,0000
'Back/lib/Syntax.stmt_defn'; 5; 0,0000; 0,0000
'Back/lib/Syntax.stmt_equal'; 1; 0,0000; 0,0000
'Back/lib/Syntax.expr_abs'; 10; 0,0000; 0,0000
'Util/lib/Extra.compose'; 1; 0,0000; 0,0000
'Back/lib/Print._pass'; 2; 0,0000; 0,0000
'Back/lib/Syntax.expr_var'; 4; 0,0000; 0,0000
'Back/lib/Syntax.stmt_decl'; 3; 0,0000; 0,0000
'Back/test/Mono.proper_simple_mono_equal'; 6; 0,0000; 0,0000
'Util/lib/Typeset.make_node'; 8; 0,0000; 0,0000
'Util/lib/Typeset.grp'; 9; 0,0000; 0,0000
'Back/lib/Syntax.expr_app'; 11; 0,0000; 0,0000
'Util/lib/Extra.List.cons'; 6; 0,0000; 0,0000
'Util/lib/Extra.List.cons'; 8; 0,0000; 0,0000
'Back/lib/Syntax.expr_abs'; 7; 0,0000; 0,0000
'Back/lib/Naming.sample'; 6; 0,0000; 0,0000
'Util/lib/Map.make_bind'; 7; 0,0000; 0,0000
'Util/lib/AVL.make_null'; 6; 0,0000; 0,0000
'Back/lib/Syntax.poly_param'; 3; 0,0000; 0,0000
'Util/lib/AVL.get_height'; 8; 0,0000; 0,0000
'Back/lib/Syntax.stmt_decl'; 7; 0,0000; 0,0000
'Back/lib/Syntax.expr_var'; 5; 0,0000; 0,0000
'Util/lib/Extra.identity'; 7; 0,0000; 0,0000
'Back/lib/Syntax.stmt_defn'; 8; 0,0000; 0,0000
'Back/lib/Syntax.expr_var'; 6; 0,0000; 0,0000
'Back/lib/Syntax.stmt_defn'; 7; 0,0000; 0,0000
'Back/test/Mono.proper_simple_mono_equal'; 4; 0,0000; 0,0000
'Util/lib/Map.get_key'; 7; 0,0000; 0,0000
'Util/lib/Extra.identity'; 4; 0,0000; 0,0000
'Back/lib/Syntax.poly_arrow'; 2; 0,0000; 0,0000
'Util/lib/Typeset.comp'; 4; 0,0000; 0,0000
'Back/lib/Naming.sample'; 2; 0,0000; 0,0000
'Util/lib/Typeset.get_pos'; 2; 0,0000; 0,0000
'Back/test/Mono.proper_simple_mono_var'; 5; 0,0000; 0,0000
'Back/lib/Syntax.expr_var'; 3; 0,0000; 0,0000
'Util/lib/Typeset.make_node'; 4; 0,0000; 0,0000
'Util/lib/AVL.get_count'; 6; 0,0000; 0,0000
'Util/lib/Extra.identity'; 4; 0,0000; 0,0000
'Util/lib/AVL.get_height'; 6; 0,0000; 0,0000
'Util/lib/AVL.get_height'; 4; 0,0000; 0,0000
'Util/lib/Map.make_bind'; 3; 0,0000; 0,0000
'load(back/lib/Naming)'; 1; 0,0000; 0,0000
'Back/test/Mono.proper_simple_mono_var'; 2; 0,0000; 0,0000
'Back/lib/Naming.sample'; 4; 0,0000; 0,0000
'Back/lib/Syntax.expr_var'; 2; 0,0000; 0,0000
'Back/lib/Syntax.expr_var'; 5; 0,0000; 0,0000
'Util/lib/AVL.get_count'; 4; 0,0000; 0,0000
'Util/lib/Typeset.comp'; 4; 0,0000; 0,0000
'Back/lib/Syntax.stmt_defn'; 4; 0,0000; 0,0000
'Util/lib/Extra.identity'; 5; 0,0000; 0,0000
'Back/test/Expr.gen_typed_expr'; 5; 0,0000; 0,0000
'Util/lib/Typeset.comp'; 2; 0,0000; 0,0000
'Util/lib/AVL.make_node'; 2; 0,0000; 0,0000
'Back/lib/Naming.sample'; 4; 0,0000; 0,0000
'Util/lib/AVL.make_null'; 4; 0,0000; 0,0000
'Back/lib/Syntax.expr_app'; 4; 0,0000; 0,0000
'Util/lib/Env.bind'; 4; 0,0000; 0,0000
'Util/lib/Typeset.make_state'; 3; 0,0000; 0,0000
'Back/lib/Naming.sample'; 2; 0,0000; 0,0000
'Back/lib/Syntax.stmt_expr'; 4; 0,0000; 0,0000
'Util/lib/Extra.identity'; 4; 0,0000; 0,0000
'Util/lib/Typeset.get_pos'; 2; 0,0000; 0,0000
'Util/lib/Typeset.line'; 4; 0,0000; 0,0000
'load(util/lib/Extra)'; 1; 0,0000; 0,0000
'Util/lib/Typeset.make_node'; 4; 0,0000; 0,0000
'Util/lib/Map.get_key'; 2; 0,0000; 0,0000
'Util/lib/Order.int_compare'; 2; 0,0000; 0,0000
'Back/lib/Syntax.expr_var'; 2; 0,0000; 0,0000
'Util/lib/Typeset.get_pos'; 2; 0,0000; 0,0000
'Util/lib/Extra.identity'; 4; 0,0000; 0,0000
'Back/lib/Syntax.expr_app'; 3; 0,0000; 0,0000
'Back/lib/Syntax.poly_param'; 3; 0,0000; 0,0000
'Back/lib/Syntax.stmt_decl'; 3; 0,0000; 0,0000
'Back/lib/Syntax.expr_var'; 3; 0,0000; 0,0000
'Back/lib/Syntax.expr_var'; 3; 0,0000; 0,0000
'Back/lib/Syntax.expr_app'; 2; 0,0000; 0,0000
'Util/lib/Typeset.text'; 4; 0,0000; 0,0000
'Back/lib/Syntax.stmt_decl'; 3; 0,0000; 0,0000
'Back/lib/Syntax.expr_var'; 2; 0,0000; 0,0000
'Util/lib/Map.make_bind'; 2; 0,0000; 0,0000
'Util/lib/Typeset.make_state'; 2; 0,0000; 0,0000
'Back/lib/Syntax.expr_abs'; 3; 0,0000; 0,0000
'Back/lib/Syntax.expr_var'; 2; 0,0000; 0,0000
'Back/lib/Syntax.expr_var'; 2; 0,0000; 0,0000
'Back/lib/Syntax.expr_var'; 2; 0,0000; 0,0000
'load(back/test/Simple)'; 1; 0,0000; 0,0000
'Util/lib/Extra.identity'; 2; 0,0000; 0,0000
'Util/lib/Env.bind'; 1; 0,0000; 0,0000
'Back/lib/Naming.make_gen'; 2; 0,0000; 0,0000
'Util/lib/Typeset.get_pos'; 1; 0,0000; 0,0000
'Back/lib/Syntax.stmt_decl'; 2; 0,0000; 0,0000
'load(front/lib/Parser)'; 1; 0,0000; 0,0000
'Util/lib/AVL.make_node'; 2; 0,0000; 0,0000
'Back/lib/Syntax.poly_param'; 2; 0,0000; 0,0000
'load(util/lib/Option)'; 1; 0,0000; 0,0000
'Back/lib/Syntax.poly_arrow'; 2; 0,0000; 0,0000
'Back/lib/Syntax.expr_abs'; 1; 0,0000; 0,0000
'Back/lib/Naming.sample'; 2; 0,0000; 0,0000
'Back/lib/Syntax.poly_arrow'; 1; 0,0000; 0,0000
'Util/lib/Typeset.grp'; 2; 0,0000; 0,0000
'Back/lib/Syntax.expr_app'; 1; 0,0000; 0,0000
'Util/lib/Extra.identity'; 1; 0,0000; 0,0000
'load(util/lib/Set)'; 1; 0,0000; 0,0000
'load(front/lib/Lexer)'; 1; 0,0000; 0,0000
'load(front/lib/Interp)'; 1; 0,0000; 0,0000
'Util/lib/Env.bind'; 1; 0,0000; 0,0000
'load(util/lib/Env)'; 1; 0,0000; 0,0000
'Back/test/Expr.gen_typed_stmt'; 1; 0,0000; 0,0000
'load(back/test/Expr)'; 1; 0,0000; 0,0000
'load(util/lib/Map)'; 1; 0,0000; 0,0000
'load(util/lib/AVL)'; 1; 0,0000; 0,0000
'load(back/lib/Context)'; 1; 0,0000; 0,0000
'load(back/lib/Check)'; 1; 0,0000; 0,0000
'load(back/lib/Syntax)'; 1; 0,0000; 0,0000
'load(util/lib/Typeset)'; 1; 0,0000; 0,0000
'load(back/test/Poly)'; 1; 0,0000; 0,0000
'load(back/lib/Print)'; 1; 0,0000; 0,0000
'load(util/lib/Infix)'; 1; 0,0000; 0,0000
'Back/lib/Context.make'; 1; 0,0000; 0,0000
'Back/lib/Syntax.poly_arrow'; 1; 0,0000; 0,0000
'Back/test/Poly.gen_poly'; 1; 0,0000; 0,0000
'load(util/lib/Order)'; 1; 0,0000; 0,0000
'load(util/lib/Result)'; 1; 0,0000; 0,0000
'Back/lib/Syntax.expr_var'; 1; 0,0000; 0,0000

